אבו ג'ווייעד (שבט), ב ,4
אבו גוש, ג ,7
אבו סנאן, ב ,5
אבו סריחאן (שבט), ב ,4
אבו עבדון (שבט), ב ,4
אבו עמאר (שבט), ב ,4
אבו עמרה (שבט), ב ,4
אבו קורינאת (שבט), ב ,4
אבו קרינאת (ישוב), ב ,4
אבו רובייעה (שבט), ב ,4
אבו רוקייק (שבט), ב ,4
אבו תלול, ב ,4
אבטין, ב ,5
אבטליון, ב ,3
אביאל, ב ,5
אביבים, ג ,6
אביגדור, ב ,5
אביחיל, א ,1
אביטל, ב ,3
אביעזר, ב ,5
אבירים, ג ,6
אבן יהודה, ב ,5
אבן מנחם, ג ,6
אבן ספיר, ג ,7
אבן שמואל, ב ,5
אבני איתן, ג ,6
אבני חפץ, ב ,5
אבנת, ד ,8
אבשלום, ב ,4
אדורה, ג ,7
אדירים, ב ,3
אדמית, ג ,6
אדרת, ב ,5
אודים, א ,1
אודם, ג ,6
אוהד, ב ,4
אום אל-פחם, ב ,5
אום אל-קוטוף, ב ,5
אום בטין, ב ,4
אומן, ב ,3
אומץ, ב ,5
אופקים, ב ,4
אור הגנוז, ג ,6
אור הנר, ב ,5
אור יהודה, ב ,5
אור עקיבא, א ,2
אורה, ג ,7
אורות, ב ,5
אורטל, ג ,6
אורים, ב ,4
אורנים, ב ,5
אורנית, ב ,5
אושה, ב ,5
אזור, ב ,5
אחווה, ב ,5
אחוזם, ב ,5
אחוזת ברק, ב ,3
אחיהוד, ב ,5
אחיטוב, ב ,5
אחיסמך, ב ,5
אחיעזר, ב ,5
אטרש (שבט), ב ,4
איבים, ב ,5
אייל, ב ,5
איילת השחר, ב ,3
אילון, ב ,5
אילות, ד ,8
אילניה, ב ,3
אילת, ד ,8
אירוס, ב ,5
איתמר, ג ,7
איתן, ב ,5
איתנים, ג ,7
אכסאל, ב ,3
אל-עזי, ב ,5
אל-עריאן, ב ,5
אל-רום, ג ,6
אל סייד, ב ,4
אלומה, ב ,5
אלומות, ד ,8
אלון הגליל, ב ,3
אלון מורה, ג ,7
אלון שבות, ג ,7
אלוני אבא, ב ,3
אלוני הבשן, ג ,6
אלוני יצחק, ב ,5
אלונים, ב ,3
אלי-עד, ג ,6
אליאב, ב ,5
אליכין, ב ,5
אליפז, ד ,8
אליפלט, ב ,3
אליקים, ב ,5
אלישיב, ב ,5
אלישמע, ב ,5
אלמגור, ד ,8
אלמוג, ד ,8
אלעד, ב ,5
אלעזר, ג ,7
אלפי מנשה, ב ,5
אלקוש, ג ,6
אלקנה, ב ,5
אמונים, ב ,5
אמירים, ג ,6
אמנון, ד ,8
אמציה, ב ,5
אניעם, ג ,6
אסד (שבט), ב ,4
אספר, ג ,7
אעבלין, ב ,5
אעצם (שבט), ב ,4
אפיניש (שבט), ב ,4
אפיק, ג ,6
אפיקים, ד ,8
אפק, ב ,5
אפרת, ג ,7
ארבל, ב ,3
ארגמן, ד ,8
ארז, ב ,5
אריאל, ג ,7
ארסוף, א ,1
אשבול, ב ,5
אשבל, ב ,3
אשדוד, א ,1
אשדות יעקב  (איחוד), ד ,8
אשדות יעקב  (מאוחד), ד ,8
אשחר, ב ,3
אשכולות, ג ,7
אשל הנשיא, ב ,4
אשלים, ב ,4
אשקלון, א ,1
אשרת, ב ,5
אשתאול, ב ,5
אתגר, ב ,3
באקה אל-גרביה, ב ,5
באר אורה, ד ,8
באר גנים, א ,1
באר טוביה, ב ,5
באר יעקב, ב ,5
באר מילכה, ב ,4
באר שבע, ב ,4
בארות יצחק, ב ,5
בארותיים, ב ,5
בארי, ב ,5
בוסתן הגליל, א ,2
בועיינה-נוג'ידאת, ב ,3
בוקעאתא, ג ,6
בורגתה, ב ,5
בחן, ב ,5
בטחה, ב ,4
ביצרון, ב ,5
ביר אל-מכסור, ב ,3
ביר הדאג', ב ,4
ביריה, ג ,6
בית אורן, ב ,5
בית אל, ג ,7
בית אלעזרי, ב ,5
בית אלפא, ד ,8
בית אריה, ב ,5
בית ברל, ב ,5
בית ג'ן, ג ,6
בית גוברין, ב ,5
בית גמליאל, ב ,5
בית דגן, ב ,5
בית הגדי, ב ,5
בית הלוי, ב ,5
בית הלל, ב ,3
בית העמק, ב ,5
בית הערבה, ד ,8
בית השיטה, ד ,8
בית זיד, ב ,5
בית זית, ג ,7
בית זרע, ד ,8
בית חורון, ג ,7
בית חירות, א ,1
בית חלקיה, ב ,5
בית חנן, ב ,5
בית חנניה, א ,2
בית חשמונאי, ב ,5
בית יהושע, ב ,5
בית יוסף, ד ,8
בית ינאי, א ,1
בית יצחק-שער חפר, ב ,5
בית לחם הגלילית, ב ,3
בית מאיר, ג ,7
בית נחמיה, ב ,5
בית ניר, ב ,5
בית נקופה, ג ,7
בית עובד, ב ,5
בית עוזיאל, ב ,5
בית עזרא, ב ,5
בית עריף, ב ,5
בית צבי, א ,2
בית קמה, ב ,5
בית קשת, ב ,3
בית רבן, ב ,5
בית רימון, ב ,3
בית שאן, ד ,8
בית שמש, ב ,5
בית שערים, ב ,3
בית שקמה, ב ,5
ביתן אהרן, א ,1
ביתר עילית, ג ,7
בלפוריה, ב ,3
בן זכאי, ב ,5
בן עמי, ב ,5
בן שמן (כפר נוער), ב ,5
בן שמן (מושב), ב ,5
בני ברק, א ,1
בני דקלים, ב ,5
בני דרום, ב ,5
בני דרור, ב ,5
בני יהודה, ג ,6
בני נצרים, ב ,4
בני עטרות, ב ,5
"בני עי""ש", ב ,5
בני ציון, ב ,5
בני ראם, ב ,5
בניה, ב ,5
בנימינה-גבעת עדה, ב ,5
"בסמ""ה", ב ,5
בסמת טבעון, ב ,5
בענה, ב ,3
בצרה, ב ,5
בצת, ב ,5
בקוע, ב ,5
בקעות, ב ,4
בר גיורא, ג ,7
בר יוחאי, ג ,6
ברוכין, ב ,5
ברור חיל, ב ,5
ברוש, ב ,4
ברכה, ג ,7
ברכיה, ב ,5
ברעם, ג ,6
ברק, ב ,3
ברקאי, ב ,5
ברקן, ב ,5
ברקת, ב ,5
בת הדר, ב ,5
בת חן, א ,1
בת חפר, ב ,5
בת חצור, ב ,5
בת ים, א ,1
בת עין, ג ,7
בת שלמה, ב ,5
ג'דיידה-מכר, ב ,5
ג'ולס, ב ,5
ג'לג'וליה, ב ,5
ג'נאביב (שבט), ב ,4
ג'סר א-זרקא, א ,2
ג'ש (גוש חלב), ג ,6
ג'ת, ב ,5
גאולי תימן, ב ,5
גאולים, ב ,5
גאליה, ב ,5
גבולות, ב ,4
גבים, ב ,5
גבע, ד ,8
גבע בנימין, ג ,7
גבע כרמל, א ,2
גבעולים, ב ,5
גבעון החדשה, ג ,7
גבעות בר, ב ,4
גבעת אבני, ב ,3
גבעת אלה, ב ,3
גבעת ברנר, ב ,5
גבעת השלושה, ב ,5
גבעת זאב, ג ,7
"גבעת ח""ן", ב ,5
גבעת חיים (איחוד), ב ,5
גבעת חיים (מאוחד), ב ,5
גבעת יואב, ג ,6
גבעת יערים, ג ,7
גבעת ישעיהו, ב ,5
"גבעת כ""ח", ב ,5
"גבעת ניל""י", ב ,5
גבעת עוז, ב ,3
גבעת שמואל, ב ,5
גבעת שמש, ב ,5
גבעת שפירא, א ,1
גבעתי, ב ,5
גבעתיים, א ,1
גברעם, ב ,5
גבת, ב ,3
גדות, ב ,3
גדיש, ב ,3
גדעונה, ד ,8
גדרה, ב ,5
גונן, ב ,3
גורן, ב ,5
גורנות הגליל, ב ,5
גזית, ב ,3
גזר, ב ,5
גיאה, ב ,5
גיבתון, ב ,5
גיזו, ב ,5
גילון, ב ,5
גילת, ב ,4
גינוסר, ד ,8
גיניגר, ב ,3
גינתון, ב ,5
גיתה, ג ,6
גיתית, ב ,4
גלאון, ב ,5
גלגל, ד ,8
גליל ים, ב ,5
גלעד )אבן יצחק(, ב ,5
גמזו, ב ,5
גן הדרום, ב ,5
גן השומרון, ב ,5
גן חיים, ב ,5
גן יאשיה, ב ,5
גן יבנה, ב ,5
גן נר, ב ,3
גן שורק, ב ,5
גן שלמה, ב ,5
גן שמואל, ב ,5
גנות, ב ,5
גנות הדר, ב ,5
גני הדר, ב ,5
גני טל, ב ,5
גני יוחנן, ב ,5
גני מודיעין, ב ,5
גני עם, ב ,5
גני תקווה, ב ,5
געש, א ,1
געתון, ב ,5
גפן, ב ,5
גרופית, ד ,8
גשור, ג ,6
גשר, ד ,8
גשר הזיו, ב ,5
גת (קיבוץ), ב ,5
גת רימון, ב ,5
דאלית אל-כרמל, ב ,5
דבורה, ב ,3
דבוריה, ב ,3
דבירה, ב ,4
דברת, ב ,3
דגניה א', ד ,8
דגניה ב', ד ,8
"דוב""ב", ג ,6
דולב, ג ,7
דור, א ,2
דורות, ב ,5
דחי, ב ,3
דייר אל-אסד, ב ,5
דייר חנא, ב ,3
דייר ראפאת, ב ,5
דימונה, ג ,7
דישון, ג ,6
דליה, ב ,5
דלתון, ג ,6
דמיידה, ב ,3
דן, ב ,3
דפנה, ב ,3
דקל, ב ,4
דריג'את, ב ,4
האון, ד ,8
הבונים, א ,2
הגושרים, ב ,3
הדר עם, ב ,5
הוד השרון, ב ,5
הודיה, ב ,5
הודיות, ב ,3
הוואשלה (שבט), ב ,4
הוזייל (שבט), ב ,4
הושעיה, ב ,3
הזורע, ב ,3
הזורעים, ד ,8
החותרים, א ,2
היוגב, ב ,3
הילה, ג ,6
המעפיל, ב ,5
הסוללים, ב ,3
העוגן, ב ,5
הר אדר, ג ,7
הר גילה, ג ,7
הר עמשא, ג ,7
הראל, ב ,5
הרדוף, ב ,5
הרצלייה - מרכז, ב ,5
הרצלייה מערב, א ,1
הררית, ג ,6
ורד יריחו, ד ,8
ורדון, ב ,5
זבארגה (שבט), ב ,4
זבדיאל, ב ,5
זוהר, ב ,5
זיקים, א ,1
זיתן, ב ,5
זכרון יעקב, ב ,5
זכריה, ב ,5
זמר, ב ,5
זמרת, ב ,5
זנוח, ב ,5
זרועה, ב ,5
זרזיר, ב ,3
זרחיה, ב ,5
ח'ואלד, ב ,5
ח'ואלד (שבט), ב ,5
חבצלת השרון, א ,1
חבר, ב ,3
חברון, ג ,7
חגור, ב ,5
חגי, ג ,7
חגלה, ב ,5
חד-נס, ד ,8
חדיד, ב ,5
חדרה - מערב, א ,1
חדרה - מרכז, ב ,5
חוג'ייראת (ד'הרה), ג ,6
חולדה, ב ,5
חולון, א ,1
חולית, ב ,4
חולתה, ב ,3
חוסן, ג ,6
חוסנייה, ב ,3
חופית, א ,1
חוקוק, ד ,8
חורה, ב ,4
חורפיש, ג ,6
חורשים, ב ,5
חזון, ג ,6
חיבת ציון, ב ,5
חיננית, ב ,5
חיפה 140+, ב ,5
חיפה תחתית, א ,2
חירות, ב ,5
חלוץ, ג ,6
חלץ, ב ,5
חמאם, ד ,8
חמד, ב ,5
חמדיה, ד ,8
חמדת, ב ,4
חמרה, ד ,8
חניאל, ב ,5
חניתה, ב ,5
חנתון, ב ,3
חספין, ג ,6
חפץ חיים, ב ,5
חפצי-בה, ד ,8
חצב, ב ,5
חצבה, ד ,8
חצור-אשדוד, ב ,5
חצור הגלילית, ב ,3
חצר בארותיים, ב ,5
חצרות חולדה, ב ,5
חצרות יסף, א ,2
"חצרות כ""ח", ב ,5
חצרים, ב ,4
חרב לאת, ב ,5
חרוצים, ב ,5
חריש, ב ,5
חרמש, ב ,5
חרשים, ג ,6
חשמונאים, ב ,5
טבריה מעל גובה 30 , ב ,3
טבריה תחתית, ד ,8
טובא-זנגריה, ב ,3
טורעאן, ב ,3
טייבה, ב ,5
טייבה (בעמק), ב ,3
טירה, ב ,5
טירת יהודה, ב ,5
טירת כרמל, ב ,5
טירת צבי, ד ,8
טל-אל, ב ,5
טל שחר, ב ,5
טללים, ב ,4
טלמון, ג ,7
טמרה, ב ,5
טמרה (יזרעאל), ב ,3
טנא, ב ,4
טפחות, ב ,3
יאנוח-ג'ת, ג ,6
יבול, ב ,4
יבנאל, ד ,8
יבנה, ב ,5
יגור, ב ,5
יגל, ב ,5
יד בנימין, ב ,5
יד השמונה, ג ,7
יד חנה, ב ,5
יד מרדכי, ב ,5
יד נתן, ב ,5
"יד רמב""ם", ב ,5
ידידה, ג ,7
יהוד-מונוסון, ב ,5
יהל, ד ,8
יובל, ב ,3
יובלים, ב ,3
יודפת, ג ,6
יונתן, ג ,6
יושיביה, ב ,5
יזרעאל, ב ,3
יחיעם, ב ,5
יטבתה, ד ,8
"ייט""ב", ד ,8
יכיני, ב ,5
ינוב, ב ,5
ינון, ב ,5
יסוד המעלה, ב ,3
יסודות, ב ,5
יסעור, ב ,5
יעד, ב ,5
יעל, ב ,3
יעף, ב ,5
יערה, ב ,5
יפיע, ב ,3
יפית, ד ,8
יפעת, ב ,3
יפתח, ג ,6
יצהר, ג ,7
יציץ, ב ,5
יקום, א ,1
יקיר, ב ,5
יקנעם (מושבה), ב ,3
יקנעם עילית, ב ,5
יראון, ג ,6
ירדנה, ד ,8
ירוחם, ג ,7
ירושלים, ג ,7
ירחיב, ב ,5
ירכא, ב ,5
ירקונה, ב ,5
ישע, ב ,4
ישעי, ב ,5
ישרש, ב ,5
יתד, ב ,4
יתיר, ג ,7
כאבול, ב ,5
כאוכב אבו אל-היג'א, ב ,3
כברי, ב ,5
כדורי, ב ,3
כדיתה, ג ,6
כוכב השחר, ג ,7
כוכב יאיר, ב ,5
כוכב יעקב, ג ,7
כוכב מיכאל, ב ,5
כורזים, ב ,3
כחל, ב ,3
כחלה, ב ,4
כיסופים, ב ,5
כישור, ג ,6
כליל, ב ,5
כלנית, ב ,3
כמאנה, ג ,6
כמהין, ב ,4
כמון, ג ,6
כנות, ב ,5
כנף, ב ,3
כנרת (מושבה), ד ,8
כנרת (קבוצה), ד ,8
כסיפה, ב ,4
כסלון, ג ,7
כסרא-סמיע, ג ,6
כעביה-טבאש-חג'אג'רה, ב ,3
כפר אביב, ב ,5
כפר אדומים, ב ,4
כפר אוריה, ב ,5
כפר אחים, ב ,5
כפר ביאליק, ב ,5
"כפר ביל""ו", ב ,5
כפר בלום, ב ,3
כפר בן נון, ב ,5
כפר ברא, ב ,5
כפר ברוך, ב ,3
כפר גדעון, ב ,3
כפר גלים, א ,2
כפר גליקסון, ב ,5
כפר גלעדי, ב ,3
כפר דניאל, ב ,5
כפר האורנים, ב ,5
כפר החורש, ג ,6
כפר המכבי, ב ,5
כפר הנגיד, ב ,5
כפר הנוער הדתי, ב ,5
כפר הנשיא, ב ,3
כפר הס, ב ,5
"כפר הרא""ה", ב ,5
"כפר הרי""ף", ב ,5
כפר ויתקין, ב ,5
כפר ורבורג, ב ,5
כפר ורדים, ג ,6
כפר זוהרים, ב ,5
כפר זיתים, ב ,3
"כפר חב""ד", ב ,5
כפר חושן, ג ,6
כפר חיטים, ב ,3
כפר חיים, ב ,5
כפר חנניה, ב ,3
כפר חסידים א', ב ,5
כפר חסידים ב', ב ,5
כפר חרוב, ג ,6
כפר טרומן, ב ,5
כפר יאסיף, ב ,5
כפר ידידיה, ב ,5
כפר יהושע, ב ,3
כפר יונה, ב ,5
כפר יחזקאל, ד ,8
כפר יעבץ, ב ,5
כפר כמא, ב ,3
כפר כנא, ב ,3
כפר מונש, ב ,5
כפר מימון, ב ,5
"כפר מל""ל", ב ,5
כפר מנדא, ב ,3
כפר מנחם, ב ,5
כפר מסריק, ב ,5
כפר מצר, ב ,3
כפר מרדכי, ב ,5
כפר נטר, ב ,5
כפר סאלד, ב ,3
כפר סבא, ב ,5
כפר סילבר, ב ,5
כפר סירקין, ב ,5
כפר עבודה, ב ,5
כפר עזה, ב ,5
כפר עציון, ג ,7
כפר פינס, ב ,5
כפר קאסם, ב ,5
כפר קיש, ב ,3
כפר קרע, ב ,5
כפר ראש הנקרה, א ,2
כפר רוזנואלד (זרעית), ג ,6
כפר רופין, ד ,8
כפר רות, ב ,5
כפר שמאי, ג ,6
כפר שמואל, ב ,5
כפר שמריהו, א ,1
כפר תבור, ב ,3
כפר תפוח, ג ,7
כרי דשא, ב ,3
כרכום, ב ,3
כרם בן זמרה, ג ,6
כרם בן שמן, ב ,5
כרם יבנה (ישיבה), ב ,5
"כרם מהר""ל", ב ,5
כרם שלום, ב ,4
כרמי יוסף, ב ,5
כרמי צור, ג ,7
כרמי קטיף, ב ,5
כרמיאל, ב ,3
כרמיה, ב ,5
כרמים, ב ,4
כרמל, ג ,7
לבון, ג ,6
לביא, ב ,3
לבנים, ד ,8
להב, ב ,4
להבות הבשן, ב ,3
להבות חביבה, ב ,5
להבים, ב ,4
לוד, ב ,5
לוזית, ב ,5
לוחמי הגיטאות, ב ,5
לוטם, ב ,3
לוטן, ד ,8
לימן, ב ,5
לכיש, ב ,5
לפיד, ב ,5
לפידות, ג ,6
לקיה, ב ,4
מאור, ב ,5
מאיר שפיה, ב ,5
מבוא ביתר, ג ,7
מבוא דותן, ב ,5
מבוא חורון, ב ,5
מבוא חמה, ג ,6
מבוא מודיעים, ב ,5
מבואות ים, א ,1
מבואות יריחו, ד ,8
מבועים, ב ,5
מבטחים, ב ,4
מבקיעים, ב ,5
מבשרת ציון, ג ,7
מג'ד אל-כרום, ב ,5
מג'דל שמס, ג ,6
מגאר, ב ,3
מגדים, א ,2
מגדל, ד ,8
מגדל העמק, ב ,3
מגדל עוז, ג ,7
מגדלים, ג ,7
מגידו, ב ,3
מגל, ב ,5
מגן, ב ,4
מגן שאול, ב ,3
מגשימים, ב ,5
מדרך עוז, ב ,3
מדרשת בן גוריון, ג ,7
מדרשת רופין, ב ,5
מודיעין-מכבים-רעות, ב ,5
מודיעין עילית, ב ,5
מולדת, ב ,3
מוצא עילית, ג ,7
מוקייבלה, ב ,3
מורן, ב ,3
מורשת, ב ,3
מזור, ב ,5
מזכרת בתיה, ב ,5
מזרע, ב ,3
מזרעה, ב ,5
מחולה, ד ,8
מחנה הילה, ב ,5
מחנה טלי, ג ,7
מחנה יהודית, ב ,3
מחנה יוכבד, ב ,4
מחנה יפה, ב ,4
מחנה יתיר, ג ,7
מחנה מרים, ב ,5
מחנה תל נוף, ב ,5
מחניים, ב ,3
מחסיה, ב ,5
מטולה, ג ,6
מטע, ג ,7
מי עמי, ג ,6
מיטב, ב ,3
מייסר, ב ,5
מיצר, ג ,6
מירב, ב ,3
מירון, ג ,6
מישר, ב ,5
מיתר, ב ,4
מכורה, ב ,4
מכחול, ב ,4
מכמורת, א ,1
מכמנים, ג ,6
מלאה, ב ,3
מלילות, ב ,5
מלכיה, ג ,6
מלכישוע, ג ,6
מנוחה, ב ,5
מנוף, ב ,3
מנות, ב ,5
מנחמיה, ד ,8
מנרה, ג ,6
מנשית זבדה, ב ,3
מסד, ב ,3
מסדה, ד ,8
מסילות, ד ,8
מסילת ציון, ב ,5
מסלול, ב ,4
מסעדה, ג ,6
מסעודין אל-עזאזמה, ב ,4
מעברות, ב ,5
מעגלים, ב ,5
מעגן, ד ,8
מעגן מיכאל, א ,2
מעוז חיים, ד ,8
מעון, ג ,7
מעונה, ג ,6
מעיליא, ג ,6
מעין ברוך, ב ,3
מעין צבי, ב ,5
מעלה אדומים, ב ,4
מעלה אפרים, ב ,4
מעלה גלבוע, ג ,6
מעלה גמלא, ב ,3
מעלה החמישה, ג ,7
מעלה לבונה, ג ,7
מעלה מכמש, ג ,7
מעלה עירון, ב ,5
מעלה עמוס, ג ,7
מעלה שומרון, ב ,5
מעלות-תרשיחא, ג ,6
מענית, ב ,5
מעש, ב ,5
מפלסים, ב ,5
מצדות יהודה, ג ,7
מצובה, ב ,5
מצליח, ב ,5
מצפה, ב ,3
"מצפה אבי""ב", ב ,5
מצפה אילן, ב ,5
מצפה יריחו, ב ,4
מצפה נטופה, ב ,3
מצפה רמון, ג ,7
מצפה שלם, ד ,8
מצר, ב ,5
מקווה ישראל, ב ,5
מרגליות, ג ,6
מרום גולן, ג ,6
מרחב עם, ג ,7
מרחביה (מושב), ב ,3
מרחביה (קיבוץ), ב ,3
מרכז שפירא, ב ,5
משאבי שדה, ב ,4
משגב דב, ב ,5
משגב עם, ג ,6
משהד, ב ,3
משואה, ד ,8
משואות יצחק, ב ,5
משכיות, ד ,8
משמר איילון, ב ,5
משמר דוד, ב ,5
משמר הירדן, ב ,3
משמר הנגב, ב ,4
משמר העמק, ב ,3
משמר השבעה, ב ,5
משמר השרון, ב ,5
משמרות, ב ,5
משמרת, ב ,5
משען, ב ,5
מתן, ב ,5
מתת, ג ,6
מתתיהו, ב ,5
נאות גולן, ג ,6
נאות הכיכר, ד ,8
נאות מרדכי, ב ,3
נאות סמדר, ב ,4
נאעורה, ב ,3
נבטים, ב ,4
נגבה, ב ,5
נגוהות, ג ,7
נהורה, ב ,5
נהלל, ב ,3
נהרייה, א ,2
נוב, ג ,6
נוגה, ב ,5
נוה צוף, ג ,7
נווה, ב ,4
נווה אבות, ב ,5
נווה אור, ד ,8
"נווה אטי""ב", ג ,6
נווה אילן, ג ,7
נווה איתן, ד ,8
נווה דניאל, ג ,7
נווה זוהר, ד ,8
נווה זיו, ב ,5
נווה חריף, ב ,4
נווה ים, א ,2
נווה ימין, ב ,5
נווה ירק, ב ,5
נווה מבטח, ב ,5
נווה מיכאל, ב ,5
נווה שלום, ב ,5
נועם, ב ,5
נוף איילון, ב ,5
נוף הגליל מעל 430, ג ,6
נוף הגליל עד 430, ב ,3
נופים, ב ,5
נופית, ב ,5
נופך, ב ,5
נוקדים, ג ,7
נורדיה, ב ,5
נורית, ב ,3
נחושה, ב ,5
נחל עוז, ב ,5
נחלה, ב ,5
נחליאל, ג ,7
נחלים, ב ,5
נחם, ב ,5
נחף, ב ,3
נחשולים, א ,2
נחשון, ב ,5
נחשונים, ב ,5
נטועה, ג ,6
נטור, ג ,6
נטע, ב ,5
נטעים, ב ,5
נטף, ב ,5
ניין, ב ,3
"ניל""י", ב ,5
ניצן, ב ,5
ניצן ב', ב ,5
ניצנה )קהילת חינוך(, ב ,4
ניצני סיני, ב ,4
ניצני עוז, ב ,5
ניצנים, ב ,5
ניר אליהו, ב ,5
ניר בנים, ב ,5
ניר גלים, ב ,5
ניר דוד (תל עמל), ד ,8
"ניר ח""ן", ב ,5
ניר יפה, ב ,3
ניר יצחק, ב ,4
ניר ישראל, ב ,5
ניר משה, ב ,5
ניר עוז, ב ,4
ניר עם, ב ,5
ניר עציון, ב ,5
ניר עקיבא, ב ,5
ניר צבי, ב ,5
נירים, ב ,5
נירית, ב ,5
נמרוד, ג ,6
נס הרים, ג ,7
נס עמים, ב ,5
נס ציונה, ב ,5
נעורים, א ,1
נעלה, ב ,5
"נעמ""ה", ד ,8
נען, ב ,5
נערן, ד ,8
נצאצרה (שבט), ב ,4
נצר חזני, ב ,5
נצר סרני, ב ,5
נצרת מעל 430, ג ,6
נצרת עד 430, ב ,3
נשר, ב ,5
נתיב הגדוד, ד ,8
"נתיב הל""ה", ב ,5
נתיב העשרה, ב ,5
נתיב השיירה, ב ,5
נתיבות, ב ,5
נתניה, א ,1
סאג'ור, ב ,3
סאסא, ג ,6
סביון, ב ,5
סגולה, ב ,5
סואעד (כמאנה) - (שבט), ג ,6
סואעד )חמרייה(, ב ,5
סולם, ב ,3
סוסיה, ג ,7
סופה, ב ,4
סח'נין, ב ,3
סייד (שבט), ב ,4
סלמה, ב ,3
סלעית, ב ,5
סמר, ד ,8
סנסנה, ב ,4
סעד, ב ,5
סעוה, ב ,4
סער, ב ,5
ספיר, ד ,8
סתריה, ב ,5
ע'ג'ר, ב ,3
עבדון, ב ,5
עברון, ב ,5
עגור, ב ,5
עדי, ב ,5
עדנים, ב ,5
עוזה, ב ,5
עוזייר, ב ,3
עולש, ב ,5
עומר, ב ,4
עופר, ב ,5
עופרה, ג ,7
עוצם, ב ,5
עוקבי )בנו עוקבה(, ב ,4
עזוז, ב ,4
עזר, ב ,5
עזריאל, ב ,5
עזריה, ב ,5
עזריקם, ב ,5
עטאוונה (שבט), ב ,4
עטרת, ג ,7
עידן, ד ,8
עיילבון, ב ,3
עיינות, ב ,5
עילוט, ב ,3
עין איילה, א ,2
עין אל-אסד, ג ,6
עין גב, ד ,8
עין גדי, ד ,8
עין דור, ב ,3
עין הבשור, ב ,4
עין הוד, ב ,5
עין החורש, ב ,5
עין המפרץ, ב ,5
"עין הנצי""ב", ד ,8
עין העמק, ב ,5
עין השופט, ב ,5
עין השלושה, ב ,5
עין ורד, ב ,5
עין זיוון, ג ,6
עין חוד, ב ,5
עין חצבה, ד ,8
עין חרוד (איחוד), ב ,3
עין חרוד (מאוחד), ד ,8
עין יהב, ד ,8
עין יעקב, ב ,5
"עין כרם-בי""ס חקלאי", ג ,7
עין כרמל, א ,2
עין מאהל, ג ,6
עין נקובא, ג ,7
עין עירון, ב ,5
עין צורים, ב ,5
עין קנייא, ג ,6
עין ראפה, ג ,7
עין שמר, ב ,5
עין שריד, ב ,5
עין תמר, ד ,8
עינת, ב ,5
עיר אובות, ד ,8
עכו, א ,2
עלומים, ב ,5
עלי, ג ,7
עלי זהב, ב ,5
עלמה, ג ,6
עלמון, ג ,7
עמוקה, ג ,6
עמיחי, ג ,7
עמינדב, ג ,7
עמיעד, ב ,3
עמיעוז, ב ,4
עמיקם, ב ,5
עמיר, ב ,3
עמנואל, ב ,5
עמקה, ב ,5
ענב, ב ,5
עספיא, ג ,6
עפולה, ב ,3
עץ אפרים, ב ,5
עצמון שגב, ב ,3
עראבה, ב ,3
עראמשה, ג ,6
ערב אל נעים, ב ,3
ערד, ג ,7
ערוגות, ב ,5
ערערה, ב ,5
ערערה-בנגב, ב ,4
עשרת, ב ,5
עתלית, א ,2
עתניאל, ג ,7
פארן, ד ,8
פדואל, ב ,5
פדויים, ב ,4
פדיה, ב ,5
פוריה - כפר עבודה, ד ,8
פוריה - נווה עובד, ב ,3
פוריה עילית, ב ,3
פוריידיס, ב ,5
פורת, ב ,5
פטיש, ב ,4
פלך, ג ,6
פלמחים, א ,1
פני חבר, ג ,7
פסגות, ג ,7
פסוטה, ג ,6
"פעמי תש""ז", ב ,5
פצאל, ד ,8
פקיעין (בוקייעה), ג ,6
פקיעין חדשה, ג ,6
פרדס חנה-כרכור, ב ,5
פרדסיה, ב ,5
פרוד, ג ,6
פרזון, ב ,3
פרי גן, ב ,4
פתח תקווה, ב ,5
פתחיה, ב ,5
צאלים, ב ,4
צביה, ב ,3
צבעון, ג ,6
צובה, ג ,7
צוחר, ב ,4
צופיה, ב ,5
צופים, ב ,5
צופית, ב ,5
צופר, ד ,8
צוקי ים, א ,1
צוקים, ד ,8
צור הדסה, ג ,7
צור יצחק, ב ,5
צור משה, ב ,5
צור נתן, ב ,5
צוריאל, ג ,6
צורית, ב ,5
ציפורי, ב ,3
צלפון, ב ,5
צנדלה, ב ,3
צפריה, ב ,5
צפרירים, ב ,5
צפת, ג ,6
צרופה, א ,2
צרעה, ב ,5
קבועה (שבט), ב ,4
קבוצת יבנה, ב ,5
קדומים, ב ,5
קדימה-צורן, ב ,5
קדמה, ב ,5
קדמת צבי, ג ,6
קדר, ב ,4
קדרון, ב ,5
קדרים, ב ,3
קודייראת א-צאנע(שבט), ב ,4
קוואעין (שבט), ב ,4
קוממיות, ב ,5
קורנית, ג ,6
קטורה, ד ,8
קיסריה, א ,2
קלחים, ב ,5
קליה, ד ,8
קלנסווה, ב ,5
קלע, ג ,6
קציר, ב ,5
קצר א-סר, ב ,4
קצרין, ב ,3
קרית אונו, ב ,5
קרית ארבע, ג ,7
קרית אתא, ב ,5
קרית ביאליק, ב ,5
קרית גת, ב ,5
קרית טבעון, ב ,5
קרית ים, א ,2
קרית יערים, ג ,7
קרית יערים (מוסד), ג ,7
קרית מוצקין, ב ,5
קרית מלאכי, ב ,5
קרית נטפים, ב ,5
קרית ענבים, ג ,7
קרית עקרון, ב ,5
קרית שלמה, ב ,5
קרית שמונה, ב ,3
קרני שומרון, ב ,5
קשת, ג ,6
ראמה, ג ,6
ראס אל-עין, ב ,3
ראס עלי, ב ,5
ראש העין, ב ,5
ראש פינה, ב ,3
ראש צורים, ג ,7
ראשון לציון - מערב, א ,1
ראשון לציון - מרכז, ב ,5
רבבה, ב ,5
רביבים, ב ,4
רביד, ב ,3
רגבה, ב ,5
רגבים, ב ,5
רהט, ב ,4
רווחה, ב ,5
רוויה, ד ,8
רוח מדבר, ב ,4
רוחמה, ב ,5
רומאנה, ב ,3
רומת הייב, ב ,3
רועי, ד ,8
רותם, ד ,8
רחוב, ד ,8
רחובות, ב ,5
רחלים, ג ,7
ריחאניה, ג ,6
ריחן, ב ,5
ריינה, ב ,3
רימונים, ג ,7
רינתיה, ב ,5
רכסים, ב ,5
רם-און, ב ,3
רמות, ד ,8
רמות השבים, ב ,5
רמות מאיר, ב ,5
רמות מנשה, ב ,5
רמות נפתלי, ג ,6
רמלה, ב ,5
רמת גן, א ,1
רמת דוד, ב ,3
רמת הכובש, ב ,5
רמת השופט, ב ,5
רמת השרון, ב ,5
רמת יוחנן, ב ,5
רמת ישי, ב ,3
רמת מגשימים, ג ,6
רמת צבי, ב ,3
רמת רזיאל, ג ,7
רמת רחל, ג ,7
רנן, ב ,4
רעים, ב ,5
רעננה, ב ,5
רקפת, ב ,3
רשפון, א ,1
רשפים, ד ,8
רתמים, ב ,4
שאר ישוב, ב ,3
שבי דרום, ב ,5
שבי ציון, א ,2
שבי שומרון, ב ,5
שבלי - אום אל-גנם, ב ,3
שגב-שלום, ב ,4
שדה אילן, ב ,3
שדה אליהו, ד ,8
שדה אליעזר, ב ,3
שדה בוקר, ג ,7
שדה דוד, ב ,5
שדה ורבורג, ב ,5
שדה יואב, ב ,5
שדה יעקב, ב ,3
שדה יצחק, ב ,5
שדה משה, ב ,5
שדה נחום, ד ,8
שדה נחמיה, ב ,3
שדה ניצן, ב ,4
שדה עוזיהו, ב ,5
שדה צבי, ב ,5
שדות ים, א ,2
שדות מיכה, ב ,5
שדי אברהם, ב ,4
שדי חמד, ב ,5
שדי תרומות, ד ,8
שדמה, ב ,5
שדמות דבורה, ב ,3
שדמות מחולה, ד ,8
שדרות, ב ,5
שואבה, ג ,7
שובה, ב ,5
שובל, ב ,4
שוהם, ב ,5
שומרה, ג ,6
שומריה, ב ,5
שוקדה, ב ,5
שורש, ג ,7
שורשים, ב ,5
שושנת העמקים, א ,1
שזור, ב ,3
שחר, ב ,5
שחרות, ב ,4
שיבולים, ב ,5
שיטים, ב ,4
שייח' דנון, ב ,5
שילה, ג ,7
שילת, ב ,5
שכניה, ג ,6
שלווה, ב ,5
שלווה במדבר, ג ,7
שלוחות, ד ,8
שלומי, ב ,5
שלומית, ב ,4
שמיר, ב ,3
שמעה, ג ,7
שמרת, ב ,5
שמשית, ב ,3
שני, ג ,7
שניר, ב ,3
שעב, ב ,5
שעורים, ב ,3
שעל, ג ,6
שעלבים, ב ,5
שער אפרים, ב ,5
שער הגולן, ד ,8
שער העמקים, ב ,5
שער מנשה, ב ,5
שערי תקווה, ב ,5
שפיים, א ,1
שפיר, ב ,5
שפר, ג ,6
שפרעם, ב ,5
שקד, ב ,5
שקף, ב ,5
שרונה, ב ,3
שריגים (לי-און), ב ,5
שריד, ב ,3
שרשרת, ב ,5
שתולה, ג ,6
שתולים, ב ,5
תאשור, ב ,4
תדהר, ב ,4
תובל, ג ,6
תומר, ד ,8
תושיה, ב ,5
תימורים, ב ,5
תירוש, ב ,5
תל אביב - יפו, א ,1
תל יוסף, ד ,8
תל יצחק, ב ,5
תל מונד, ב ,5
תל עדשים, ב ,3
תל קציר, ד ,8
תל שבע, ב ,4
תל תאומים, ד ,8
תלם, ג ,7
תלמי אליהו, ב ,4
תלמי אלעזר, ב ,5
"תלמי ביל""ו", ב ,5
תלמי יוסף, ב ,4
תלמי יחיאל, ב ,5
תלמי יפה, ב ,5
תלמים, ב ,5
תמרת, ב ,3
תנובות, ב ,5
תעוז, ב ,5
תפרח, ב ,4
תקומה, ב ,5
תקוע, ג ,7
תראבין א-צאנע (שבט), ב ,4
תראבין א-צאנע(ישוב), ב ,4
תרום, ב ,5
